epoch,train_mse,val_mse,grad_norm
1,0.04862154293,0.04417856563,4.11026454
2,0.01995720353,0.01450875482,0.8400545775
3,0.01275871066,0.01008361526,0.5239804547
4,0.009870555899,0.006679827294,0.8785842183
5,0.009613888098,0.007056092065,0.6618386702
6,0.008719482291,0.005694634538,0.5865758197
7,0.007126919422,0.005047493376,0.375413799
8,0.006210535872,0.003886845487,0.4825622578
9,0.006104959563,0.003687008497,0.3319253509
10,0.006199270856,0.004157774487,0.4707202258
11,0.005601284903,0.003333302203,0.339690948
12,0.004356069347,0.003019505251,0.4137729124
13,0.004112239014,0.002931337994,0.4002869066
14,0.007157121956,0.006240736304,0.3432584246
15,0.003730592154,0.002232272607,0.5239182876
16,0.00374529759,0.002413024631,0.4677838335
17,0.004402158061,0.00358825621,0.2887898228
18,0.003299670104,0.002422366375,0.3979936795
19,0.003796664146,0.002588323039,0.262631151
20,0.003400927961,0.002465275421,0.2170624733
21,0.003790830344,0.003165910266,0.3084413905
22,0.002787885783,0.001925436271,0.2351539864
23,0.002827932962,0.001779304243,0.2089167787
24,0.003057958021,0.00217167564,0.2038822259
25,0.002444042967,0.001425735648,0.2336682213
26,0.003011089962,0.001812755603,0.2165610895
27,0.003183259775,0.002454437828,0.3355525529
28,0.00266917234,0.002047986904,0.2068331863
29,0.002314135781,0.001439480554,0.3105572913
30,0.002394574743,0.00122069567,0.2645094172
31,0.002661218815,0.001510955511,0.2287226974
32,0.002075620271,0.001253146549,0.1764817402
33,0.002142437368,0.001401208205,0.2501599031
34,0.002006169858,0.00115891976,0.3118622722
35,0.002051085308,0.001329609554,0.2055141589
36,0.001918561212,0.001156741523,0.252923847
37,0.002550298543,0.001637974147,0.2848196287
38,0.001828467958,0.0009315355101,0.1464777472
39,0.001712866751,0.0009456766553,0.1337546813
40,0.002480601007,0.001944349366,0.2666789597
41,0.001581336003,0.0009270384374,0.2170797005
42,0.001650331099,0.000957673904,0.2535521108
43,0.001539981628,0.0007826097579,0.4739824148
44,0.001636122796,0.0009813704161,0.5715109581
45,0.001589735491,0.0009319321397,0.3549161316
46,0.001476337504,0.0008991874253,0.305828674
47,0.001473479941,0.0008185097432,0.1314526495
48,0.001595910442,0.0009644650573,0.1860788415
49,0.001545504287,0.0008633715205,0.1816230258
50,0.003999779529,0.003365730732,0.2693564144
51,0.001884347567,0.001210970632,0.4612945581
52,0.001470200578,0.000753853737,0.1803460991
53,0.002530321936,0.002015877137,0.1676871268
54,0.001664095453,0.001132449921,0.1660553416
55,0.001414401919,0.0009611071173,0.1732159634
56,0.00124153563,0.0006354615679,0.1702732443
57,0.002343407427,0.00201600964,0.3188957536
58,0.001348513496,0.0008122450729,0.3031954408
59,0.002392902786,0.002076555976,0.2536922834
60,0.001162188568,0.000626469117,0.2960317052
61,0.001341782883,0.0007982597865,0.1396764302
62,0.002447606628,0.002131453619,0.2368214047
63,0.001231421303,0.0006585765613,0.2484001467
64,0.001556273252,0.001004540373,0.2383149249
65,0.001345237402,0.0009308221929,0.2660771204
66,0.001270906168,0.0008758141857,0.2183435598
67,0.002773771159,0.002124374635,0.2678224735
68,0.001254055207,0.0007245103533,0.1902681616
69,0.001165161352,0.0006338108785,0.1938417778
70,0.001095414763,0.0006289273564,0.1112159392
71,0.00137856431,0.001001515583,0.1325721597
72,0.001707628223,0.001352637029,0.264162994
73,0.001167620581,0.0008430120283,0.1610552979
74,0.001220270611,0.0007885205069,0.1925052397
75,0.001230807042,0.000869367385,0.2711255452
76,0.001557163783,0.001199768978,0.2491848808
77,0.001064055417,0.0006694543259,0.2051015222
78,0.001091401602,0.0008027738542,0.1405514683
79,0.00097252377,0.0006612528699,0.1911480619
80,0.001021146209,0.0006115768734,0.1742096865
81,0.001287737104,0.001053668382,0.1440945409
82,0.0009739164152,0.0007141176692,0.1457239804
83,0.0009752057586,0.0006300040589,0.1744348002
84,0.001081022794,0.0007898911867,0.291406295
85,0.001037096429,0.0007376525311,0.2206595457
86,0.0008740592043,0.000524136716,0.1765098675
87,0.0009264814412,0.0006297656462,0.1350993892
88,0.0008478757005,0.0005201138492,0.1664296675
89,0.001027460276,0.0006779850177,0.2131980325
90,0.0009156409964,0.0006426662798,0.1696388727
91,0.0008413817971,0.0005498416742,0.1293832242
92,0.0009866107607,0.0006789304587,0.1105478255
93,0.00108172856,0.0007886752481,0.1736363867
94,0.001146979226,0.0008564997508,0.1235958734
95,0.001714451354,0.001484953623,0.1251777252
96,0.000935422983,0.0006744164252,0.2434015346
97,0.001211809155,0.001098644013,0.1842310577
98,0.001119898861,0.0007193414512,0.1646285921
99,0.00136928063,0.00098051531,0.1277006673
100,0.0009536707903,0.0005894007619,0.1640829947
101,0.001008224065,0.0007861779983,0.1613422419
102,0.001936974575,0.001868206925,0.1877879858
103,0.002713822934,0.002030553865,0.2333130193
104,0.001749355956,0.001578410919,0.2292550009
105,0.002988304117,0.002943012807,0.2739067798
106,0.001219674146,0.001038740115,0.245752538
107,0.001124632033,0.000761267372,0.1823149139
108,0.001178249906,0.001010286844,0.1589167322
109,0.0008123176944,0.0005854006479,0.1150017101
110,0.0008623723379,0.0006324497896,0.2975279182
111,0.001138124169,0.0009779820689,0.2175381625
112,0.0007541078062,0.0005255649538,0.2338077751
113,0.0008090737322,0.0006556384078,0.1092756213
114,0.001207050132,0.001104211838,0.1511932237
115,0.001104528132,0.0006973108801,0.1850449338
116,0.0007503928224,0.0005254631476,0.1381173249
117,0.0008491313362,0.0006177753856,0.1373815633
118,0.0007778959332,0.0006512420144,0.1053513577
119,0.000834492641,0.0006367826477,0.1592230752
120,0.001160496406,0.001004994608,0.19739631
121,0.001629551753,0.001677313547,0.1330065428
122,0.0006836956188,0.0004996121826,0.1832945373
123,0.0008043747601,0.0006041321131,0.08483453059
124,0.000810915687,0.0006706481229,0.08927428024
125,0.0008503735679,0.0007208213792,0.1500508746
126,0.0009519285777,0.0008611487587,0.1463737406
127,0.0008790320169,0.0006868940871,0.1268134082
128,0.0006412370184,0.0004689172332,0.1942351784
129,0.0005970899219,0.000481345572,0.1020629952
130,0.0008492408445,0.0005857119823,0.1903170317
131,0.002841812269,0.00303896047,0.2828811515
132,0.0006753499176,0.0005238016367,0.2297311529
133,0.0005930028548,0.0004461034252,0.1555302197
134,0.000737750411,0.0006639147794,0.109435599
135,0.0006917466041,0.0005904757919,0.160535173
136,0.000987671253,0.0008937123091,0.1361685001
137,0.000666642963,0.000531029882,0.1310616729
138,0.0008579551988,0.000829784549,0.10760521
139,0.0007446660583,0.0006455251843,0.1170356152
140,0.0007235288051,0.0005448829086,0.1852226488
141,0.0005972427074,0.0004510831875,0.1861461887
142,0.0007639791518,0.0006557728141,0.1094331457
143,0.0007750176516,0.0006119019814,0.120763503
144,0.0005510499388,0.0004759672667,0.07361260261
145,0.000716634096,0.0006750123358,0.2066011548
146,0.001001208164,0.0008908274549,0.1986167834
147,0.0006643439866,0.0005824680119,0.1828216006
148,0.0005503912633,0.0004532531069,0.2587075044
149,0.0009047106609,0.0007574795521,0.1723401341
150,0.0005740214355,0.0005069280358,0.1388883575
151,0.0006494976213,0.0006161780874,0.1211294411
152,0.001110264349,0.001033521954,0.1281458034
153,0.0007173208468,0.0006213260933,0.1467721854
154,0.0006284854633,0.0006170421575,0.1140979097
155,0.0005277064174,0.00052124411,0.09333039951
156,0.0005095735481,0.0004302475077,0.1037938035
157,0.0004441606516,0.0003961242787,0.1215128529
158,0.000443806379,0.0004038485139,0.1189655608
159,0.0009294184092,0.000887694399,0.1185805099
160,0.0005698286907,0.0004980658429,0.135381523
161,0.0005719713416,0.0004691146457,0.126567
162,0.0007980020239,0.0007437104196,0.1030947094
163,0.001482519005,0.001228985473,0.1424161571
164,0.0009839147978,0.0008497543726,0.1668868352
165,0.001548501187,0.001706392846,0.2166244081
166,0.0004991224484,0.0004091764458,0.1510674227
167,0.001038073538,0.0009325510766,0.1155240329
168,0.0008336317628,0.0007594828573,0.153465729
169,0.0005065283069,0.0004015338616,0.08797053225
170,0.0004050494932,0.0003624993349,0.1160728941
171,0.0007907886206,0.0007075797788,0.1135074625
172,0.0004877855813,0.0004268320669,0.1239611368
173,0.0005439525403,0.000431594398,0.1648005923
174,0.0004852338496,0.0003748496238,0.1338846699
175,0.0007200620883,0.0007430559916,0.1189765528
176,0.0005290136839,0.0005402535131,0.1188539414
177,0.0006044352916,0.0005677505527,0.1118289089
178,0.0008911189961,0.0008927114493,0.1208602183
179,0.0008402319791,0.0007690481714,0.106103294
180,0.0007239215642,0.0006333134695,0.1384121824
181,0.0007070226372,0.0008363636244,0.1473990676
182,0.0006137480722,0.0005849030054,0.1235765882
183,0.0004957264086,0.0004911231174,0.1269807786
184,0.0003856662895,0.0003595804364,0.1018320493
185,0.0006635855118,0.0006041526791,0.09463619731
186,0.0005302953945,0.0004878438796,0.1147481692
187,0.0005831514877,0.0005444513211,0.1217504774
188,0.0005639449955,0.0005759294208,0.08440659752
189,0.0005595167695,0.0005755126553,0.09721004922
190,0.0003955802632,0.0003640894789,0.1225027888
191,0.0008487121429,0.0005861051817,0.08330752775
192,0.0004961876679,0.0004274773264,0.1138681187
193,0.0005910551676,0.0006519208923,0.1258411861
194,0.0005707454029,0.0005510836686,0.1085821849
195,0.0008659855305,0.0008825858856,0.1501968067
196,0.0004462576898,0.0004790515229,0.1627042576
197,0.0004412419027,0.0004561041853,0.125427202
198,0.0004058487329,0.000406102085,0.1048698365
199,0.0008720790217,0.000724527722,0.09316902904
200,0.0006040743765,0.0006365129724,0.1077263845
201,0.0003791071846,0.0003610567521,0.1028729306
202,0.0003249812438,0.0003322829275,0.06664916217
203,0.0006910288544,0.0007039718453,0.08848002026
204,0.0003844396882,0.0004100193509,0.1360677871
205,0.0007007990535,0.0006296894976,0.09784925693
206,0.001030305912,0.0009610051602,0.1168710558
207,0.0004386637434,0.0004005955227,0.1000209019
208,0.0004797776475,0.0004345437165,0.08606366081
209,0.0004759256882,0.0004728023723,0.08377318161
210,0.0007119332206,0.0006663889997,0.1042225489
211,0.0006775400274,0.0007385678019,0.101926528
212,0.001052934986,0.001000119894,0.1916977211
213,0.0009378583579,0.0009387819792,0.1401250869
214,0.000593297731,0.0005027236369,0.1596844305
215,0.0004211850477,0.0004528632252,0.09012087466
216,0.0008208010158,0.0007999292213,0.1133149883
217,0.0005875451705,0.0005884671739,0.1478603898
218,0.0005792134289,0.0003427141115,0.09087801356
219,0.000551817183,0.0005305836716,0.1010363734
220,0.0004274803542,0.0004708765791,0.1125865291
221,0.0007440804587,0.0008927879354,0.1138641677
222,0.0003344228285,0.0003525595736,0.1095435662
223,0.0003698130839,0.0003959691918,0.09357655219
224,0.0007797536199,0.0006880887677,0.1366166441
225,0.0006495403429,0.0005550660154,0.151634673
226,0.0003864935959,0.0003540514956,0.1530246066
227,0.0009329363169,0.0009359615183,0.2151071406
228,0.0005763930398,0.0006787576633,0.1225865189
229,0.0003266428628,0.0002984188675,0.0824394612
230,0.0004314001539,0.0004235046967,0.09555445057
231,0.0005644973935,0.0006170138142,0.1399734627
232,0.0003315669808,0.0003385446686,0.08599780354
233,0.0004914968017,0.0005504197099,0.07922298646
234,0.0005375067061,0.0005035567248,0.1043275739
235,0.0003124225555,0.0003397318602,0.1523497482
236,0.0003542482999,0.0003605662638,0.1180929477
237,0.000638551495,0.000680874384,0.1163388178
238,0.001427446873,0.001346064749,0.2247004799
239,0.0005660766276,0.0004660831419,0.161725507
240,0.0004354498645,0.0004899394836,0.1308015067
241,0.0005348201275,0.0004999001084,0.09774527154
242,0.0002969919605,0.000302741386,0.1236339753
243,0.0004348175823,0.0004223929545,0.1801728219
244,0.0006523991351,0.0006728630798,0.2205390573
245,0.0007118959149,0.0008049905229,0.2363722528
246,0.0009370491092,0.0006828961307,0.1606784338
247,0.0005214570004,0.0005860838361,0.1124116062
248,0.0004619969789,0.0004673164939,0.1339885683
249,0.0003096456459,0.0003482942193,0.116384275
250,0.0004120604689,0.0003825380157,0.08394403293
251,0.0002817544487,0.0003325280269,0.07944381548
252,0.0004653572769,0.000451784231,0.09086598842
253,0.0003648769421,0.0003536577722,0.07577182611
254,0.0003473089995,0.0003909890821,0.0876484306
255,0.0002804065757,0.0002934950217,0.05934114067
256,0.0003537680129,0.0003571498741,0.1046326139
257,0.000328978425,0.0003190919396,0.07630920108
258,0.0003518124792,0.0004017890873,0.07577146305
259,0.0002851357483,0.0003474648182,0.1022169382
260,0.000291652067,0.0002933497238,0.06064512453
261,0.0002706134088,0.0003090778674,0.03894838097
262,0.0004710177185,0.0005493033228,0.1168882255
263,0.0007191550916,0.0008577686574,0.09255419714
264,0.0003200240113,0.0003894167008,0.08922612088
265,0.0008988808716,0.001084823635,0.07333943869
266,0.0005977217857,0.0006538482155,0.08542577182
267,0.0003208064354,0.0003770393797,0.09127169065
268,0.0002992614635,0.0003597589333,0.0930579272
269,0.0003500684288,0.0004066169674,0.08245802376
270,0.0003148345001,0.0003086472937,0.08769903072
271,0.0002868696072,0.0002958763359,0.1011967194
272,0.0003275969624,0.000405693233,0.1040080322
273,0.0002780625375,0.0003126966252,0.1134660554
274,0.000352031025,0.0003196766055,0.09363834687
275,0.0003136744519,0.0003493574422,0.06476768476
276,0.0006170978258,0.0005669771799,0.0624527945
277,0.0004361954208,0.0004716366081,0.1357189452
278,0.0002965329533,0.0004166872583,0.1047126572
279,0.0004791104296,0.0005804539094,0.09115964578
280,0.0003914986063,0.0003548992629,0.08997191548
281,0.0004805052259,0.0005787377035,0.07866412268
282,0.001036838858,0.001047166813,0.1197875192
283,0.0004665602825,0.0004289069152,0.1549596889
284,0.0004771932877,0.0004767702635,0.1023798602
285,0.0003340584926,0.0003661716722,0.09394156181
286,0.0003691090622,0.0005008197389,0.06269644576
287,0.0002691422414,0.0003705854488,0.04384414385
288,0.0004591691825,0.0004676372878,0.07574998972
289,0.0003287281869,0.0004619213767,0.07977709254
290,0.0003074967442,0.0003407844145,0.1051033788
291,0.000333053035,0.0003185178384,0.08550568322
292,0.0005239877864,0.000575398764,0.08123995569
293,0.0002622100635,0.0003735815592,0.1154234189
294,0.0002385387964,0.0003095165144,0.08949531483
295,0.0008146064422,0.0009223214919,0.1286481059
296,0.0003039338269,0.0003800801369,0.1294102027
297,0.0003477166526,0.0004235411559,0.07816999716
298,0.0002604020165,0.0003865342786,0.05503371717
299,0.0002876619266,0.0003609933405,0.03889540377
300,0.0002997196638,0.0003336445132,0.09672484955
301,0.0006519063243,0.000718900594,0.09336478849
302,0.0007828330766,0.0005210227,0.1348015865
303,0.0005664431585,0.0004765148995,0.1065005361
304,0.0005078948609,0.0005697532152,0.1264708385
305,0.0005737095822,0.0006156403737,0.135010631
306,0.0008763767228,0.001116203211,0.08951616316
307,0.0004284210582,0.0005801621234,0.1549150565
308,0.0005423696063,0.0004499902048,0.1450077911
309,0.0005627454667,0.0005026786279,0.1537187824
310,0.0003559621391,0.0003685244536,0.0970425986
311,0.00025229026,0.0003167155651,0.07528852373
312,0.0004237818503,0.0005263527567,0.1029491063
313,0.000379731644,0.0004650415906,0.1073087133
314,0.0003550664268,0.0004412755673,0.07816891853
315,0.000525506941,0.0005607265708,0.1099028247
316,0.0003242120844,0.0003036121968,0.12878578
317,0.0003040697089,0.0004046827049,0.1069421669
318,0.0002933198225,0.0004282213691,0.06491093809
319,0.0002675834165,0.0003254796011,0.08058251204
320,0.0003941819858,0.000500561246,0.05892261796
321,0.0002570696306,0.000284512499,0.07921287739
322,0.0003929125168,0.0005357765438,0.08728305661
323,0.0002420798337,0.0003463306661,0.07438866742
324,0.0002198332965,0.0003248092611,0.07428129632
325,0.000406122602,0.0006386586596,0.08550907085
326,0.0002914500265,0.0003846655967,0.07120882518
327,0.0003025197933,0.0003936938366,0.06451979081
328,0.0002616721352,0.000389687792,0.1393537342
329,0.0002952964627,0.0004348576451,0.1261728784
330,0.0009764964773,0.0009664596263,0.1651444512
331,0.0005883047938,0.0007960886685,0.09612267378
332,0.0005461522239,0.0006441851209,0.1229406552
333,0.0003000003232,0.0003218520968,0.0640882313
334,0.0002908475505,0.000381354068,0.06988641606
335,0.0003346295112,0.0003786246132,0.05345488976
336,0.0004205598392,0.0005762120283,0.09886459176
337,0.0003164191304,0.0003717183939,0.08439318176
338,0.0002663546692,0.0004185003944,0.06203455097
339,0.0002417901765,0.0003888327453,0.06243422276
340,0.0003561211732,0.0004605087292,0.07921983657
341,0.0002440896228,0.0004028849503,0.08107275965
342,0.0002579291953,0.0003502022078,0.08160767476
343,0.0003267378804,0.0005223782492,0.05448766502
344,0.0002710302283,0.0004588264093,0.07076977952
345,0.0003346094413,0.0003410782627,0.101395867
346,0.0003944956363,0.0005714679698,0.08283412451
347,0.0002791612393,0.0003190740904,0.09490491425
348,0.0003895584641,0.0004832845847,0.0872807404
349,0.0004667785962,0.0006314564916,0.09526129865
350,0.0002778046881,0.0004732831323,0.08620882515
351,0.0006592969674,0.0006284669522,0.09059195407
352,0.0002834052063,0.0003733729351,0.1607595803
353,0.0006071813874,0.0007538409117,0.1317014708
354,0.0003761382454,0.0005066313314,0.1618489337
355,0.000393908334,0.0006206484189,0.1077482659
356,0.0002920645862,0.0004212449089,0.06234071697
357,0.0002321093307,0.0003413304285,0.07509981801
358,0.0002806722517,0.000421402659,0.08657345152
359,0.0007339271505,0.0008468314671,0.08508400071
360,0.0003529437703,0.0004163148332,0.09693186985
361,0.0004598446731,0.0006091557816,0.1047865402
362,0.0002890357377,0.0003977504159,0.1203498167
363,0.0004165362822,0.0004749751099,0.08141388588
364,0.0002148378861,0.000297996983,0.07931944696
365,0.0003107346014,0.0004037959718,0.06169312107
366,0.0003615630554,0.0003796832016,0.05538178616
367,0.0005458325335,0.0007084965175,0.1286005275
368,0.0002853379322,0.0004361759559,0.07503665565
369,0.0003041777699,0.00032598469,0.07915514824
370,0.0002571882734,0.000373326181,0.09304687357
371,0.000247799498,0.0004159726385,0.06034586611
372,0.000279972453,0.000501696672,0.07453090022
373,0.0003405832145,0.0003551537479,0.0888606979
374,0.0004493995133,0.0006361348439,0.08788104664
375,0.0004013105282,0.0005138321282,0.05699504314
376,0.0005910717114,0.0006844258937,0.07306292162
377,0.0002894050928,0.0004894288963,0.09176223145
378,0.0002946293983,0.0004275408653,0.04881684915
379,0.0002398890366,0.000423692767,0.0647072197
380,0.0002023835153,0.0003214746424,0.04667611356
381,0.0002339033067,0.0003952320535,0.08957424437
382,0.0003237571129,0.0004353207156,0.05133843035
383,0.0002706809068,0.0004178640331,0.05065175724
384,0.0002397662802,0.000422504578,0.05160849984
385,0.0002151174275,0.0003355433088,0.05632367618
386,0.0001957943067,0.0003814809922,0.07945867189
387,0.0001901864851,0.0003689252319,0.06937348813
388,0.0002639045301,0.0004274351425,0.07254597381
389,0.0002410437232,0.0004813880411,0.0577874743
390,0.0003028972493,0.0004750839595,0.04901440778
391,0.0002291309423,0.0004048399501,0.0473592774
392,0.0002588169605,0.0004585117712,0.09824069794
393,0.0002228876909,0.0003700308048,0.1055875924
394,0.0002867910176,0.0004145165403,0.0784762376
395,0.0002654908175,0.0003481671892,0.07459484044
396,0.0006963454965,0.0006161203147,0.07255507035
397,0.0004926988173,0.0007459350027,0.09508387974
398,0.0002976853157,0.0004213406312,0.1063439431
399,0.0005473429996,0.0007701727235,0.09085147731
400,0.0003618494556,0.0004359033195,0.1090444275
401,0.0002867055786,0.0004215969895,0.06280721832
402,0.000438053966,0.0004344546037,0.07556612923
403,0.0004506619962,0.0005542804686,0.113061212
404,0.0001981609669,0.0003849647692,0.08671222925
405,0.0002501910802,0.0003902541829,0.04039552182
406,0.0004360381617,0.0004875888225,0.08930157627
407,0.0003060970851,0.0005007415869,0.08136975626
408,0.0002979532089,0.0004164286447,0.06777890166
409,0.0006743515191,0.001005871881,0.08991925983
410,0.000174697222,0.0003701157445,0.1202980065
411,0.0002947928927,0.0005108493749,0.0528831691
412,0.0002972268049,0.0004986181293,0.08463043945
413,0.0004452966607,0.0005628568977,0.09470227012
414,0.0005638094811,0.0007599958894,0.1342479538
415,0.000423978286,0.0005879716565,0.06634901846
416,0.0003346930239,0.0004043704672,0.07871220764
417,0.0002156672009,0.0003676098877,0.04834321277
418,0.0002267370377,0.0004783969123,0.06391844661
419,0.0002543645434,0.0003765332296,0.04634135749
420,0.0003469518548,0.0005678429349,0.06188487252
421,0.0003268167931,0.0004277861123,0.09893253041
