epoch,train_loss,val_loss,train_rmse,val_rmse,val_mae,train_r2,val_r2,lr
1,0.8416587114334106,0.5001665353775024,0.6818085565211023,0.6832719950133598,0.6562377484760697,-17.941161810592106,-20.5309900052839,0.005
2,0.4930667281150818,0.2608611285686493,0.5112846420762057,0.5101077003278268,0.4589987675604648,-9.651412768877664,-11.000532477255646,0.005
3,0.2614596486091614,0.12306582182645798,0.35588466337980745,0.3508073933550266,0.2886732716792841,-4.160600799067358,-4.675632056628374,0.005
4,0.12665389478206635,0.059991706162691116,0.249556629248565,0.24493204022861664,0.19939172038763858,-1.5375811628407345,-1.7667375085925014,0.005
5,0.06227850541472435,0.041289281100034714,0.20827288925429857,0.20319764207884425,0.16758633978963072,-0.7674502711354219,-0.9042066863307261,0.005
6,0.0433775968849659,0.039455246180295944,0.20837584176711058,0.1986334364762006,0.161213225292848,-0.7691980590593266,-0.8196232197272868,0.005
7,0.04342048987746239,0.03648088872432709,0.20634709034538498,0.1909997057543596,0.15487069022280467,-0.7349158651324306,-0.6824499518915537,0.005
8,0.04257912188768387,0.028942357748746872,0.19084183710635463,0.170124406425614,0.13557964629392555,-0.4839829011042751,-0.33478096158044157,0.005
9,0.036420729011297226,0.02187466435134411,0.16992424191127803,0.14789934640374858,0.11692436445054528,-0.17650127426532292,-0.008809741247751246,0.005
10,0.028876498341560364,0.019258856773376465,0.1550413906275727,0.13877628729448419,0.10969447713247064,0.020561818977006596,0.11180712131202497,0.005
11,0.024037832394242287,0.020496411249041557,0.149406435468834,0.14316568204991661,0.11514348636991104,0.0904630882071914,0.05473275122500165,0.005
12,0.022322284057736397,0.02214348502457142,0.14712123349869752,0.1488068810278827,0.11863546010615121,0.11807341412291839,-0.021228169212676562,0.005
13,0.021644655615091324,0.02205931581556797,0.14298734817319633,0.148523784373776,0.11708412231630282,0.16693873114228497,-0.017346207953390147,0.005
14,0.020445384085178375,0.020039517432451248,0.13571629530457147,0.14156100378278533,0.1120452646445789,0.24950861400375302,0.07580412745553233,0.005
15,0.01841891184449196,0.016892921179533005,0.12628194623880218,0.12997276248800538,0.10364221349425831,0.35022312237372955,0.22092107371546343,0.005
16,0.0159471295773983,0.013649540953338146,0.11658664026475447,0.1168312541596167,0.09305638980107205,0.4461664074472206,0.3705013033808138,0.005
17,0.013592444360256195,0.011139275506138802,0.10892404881465305,0.10554276641395247,0.08290204350144091,0.516574815098673,0.48627144693802715,0.005
18,0.011864447966217995,0.009798016399145126,0.10497307879208373,0.09898492463000091,0.07633808303639802,0.5510090475467195,0.5481285828788576,0.005
19,0.011019347235560417,0.009616895578801632,0.10486786566204755,0.09806577025244255,0.07497165424726197,0.5519086318996501,0.5564815964746759,0.005
20,0.010997269302606583,0.010199259966611862,0.10732586307606014,0.10099138379677083,0.07661210575350753,0.5306568335773726,0.5296237302579168,0.005
21,0.011518841609358788,0.0110519640147686,0.11058364221439088,0.10512831612000513,0.08015145965050895,0.5017314229857948,0.49029819201647196,0.005
22,0.012228741310536861,0.01174435019493103,0.1131263622639545,0.10837135116835435,0.08222221319355039,0.4785539718697137,0.4583662301118505,0.005
23,0.012797573581337929,0.012014342471957207,0.11404415202727658,0.10960995671055186,0.08266940300979064,0.4700587076581789,0.4459145191598479,0.005
24,0.013006068766117096,0.011766708455979824,0.1130963250230079,0.10847446023231869,0.08121687854090627,0.47883084315392643,0.45733507347899083,0.005
25,0.012790778651833534,0.011078876443207264,0.11053830254131566,0.10525623737536585,0.07808476696114848,0.502139922880912,0.48905701615437325,0.005
26,0.012218715623021126,0.010149899870157242,0.106988446803293,0.10074671056280811,0.07417117136872654,0.5336032824774032,0.5319001436614983,0.005
27,0.011446528136730194,0.009220602922141552,0.10327737107835666,0.0960239685431427,0.06998262102913066,0.5653976516656807,0.5747580908150445,0.005
28,0.010666214860975742,0.008488664403557777,0.10022044962496553,0.09213394781062169,0.06639104787770003,0.5907446048224642,0.6085141056232125,0.005
29,0.010044138878583908,0.008069981820881367,0.09837174274439746,0.08983307535785928,0.06443942314390552,0.6057039281012726,0.6278232038856172,0.005
30,0.009676999412477016,0.00797641184180975,0.09778105574733022,0.08931076322203425,0.06343908065916103,0.6104249241728052,0.6321384815970066,0.005
31,0.00956113450229168,0.008094868622720242,0.0980801816689803,0.08997149397368437,0.06354047517515772,0.6080377491405211,0.6266753886532759,0.005
32,0.009619721211493015,0.008273711428046227,0.0986614473621893,0.09095994375352467,0.06456938021516319,0.6033781058214165,0.6184274504021419,0.005
33,0.009734081104397774,0.00836937129497528,0.0990391112446565,0.09148426630854954,0.06511661664985821,0.6003358546314244,0.6140157563840062,0.005
34,0.009808745235204697,0.008320112712681293,0.09900168660839057,0.09121465318097165,0.06479757490178115,0.6006378456140051,0.6162874709929891,0.005
35,0.009801385924220085,0.008146878331899643,0.09861904069670359,0.09026005950322495,0.06388366389252642,0.6037189846100481,0.6242768206543567,0.005
36,0.009726044721901417,0.007907154969871044,0.09809913092584079,0.08892218060016023,0.06272879524178264,0.6078862789711714,0.6353325786802358,0.005
37,0.009625285863876343,0.00766917085275054,0.0976280189224255,0.08757302388321965,0.061514390865561944,0.6116434153661279,0.6463143416918107,0.005
38,0.009535797871649265,0.007478093262761831,0.09725153807233994,0.08647226113041923,0.06033322346052541,0.6146328626120355,0.655149874540006,0.005
39,0.009464507922530174,0.007332822307944298,0.0968934794855092,0.08562634301944907,0.05955987797885868,0.6174653113751821,0.6618638914200059,0.005
40,0.009395651519298553,0.007223437074571848,0.09641176262476697,0.08498621961762617,0.05907928364623913,0.6212594849828827,0.6669006538680904,0.005
41,0.009301477111876011,0.007131009362637997,0.09569996304823454,0.0844434562504729,0.05867193416327607,0.6268312567474728,0.6711417368078341,0.005
42,0.009162253700196743,0.007046965882182121,0.09478946228549345,0.08394591651257888,0.058143950661452025,0.6338982211765747,0.6750055774820374,0.005
43,0.00898598413914442,0.006978350225836039,0.09379551172145044,0.08353651838310908,0.05777354549326725,0.6415357628073578,0.6781677960020656,0.005
44,0.008797774091362953,0.0069473301991820335,0.09292912234707026,0.08335064149321258,0.05769338679882021,0.6481274479405597,0.679598418593006,0.005
45,0.008635821752250195,0.006975044030696154,0.09239415324740807,0.08351672633149738,0.05778939516513741,0.6521670667433928,0.6783202793742727,0.005
46,0.008536679670214653,0.007060997188091278,0.09224093199755885,0.08402973874302949,0.058669822370691085,0.6533197631827542,0.6743562222942829,0.005
47,0.008508389815688133,0.007170923985540867,0.09232993866296922,0.08468130733634846,0.059773765676287095,0.652650391383718,0.66928654380053,0.005
48,0.008524817414581776,0.007249845657497644,0.09241606096377869,0.08514601989089933,0.06063036872088205,0.6520020968096945,0.6656468174089085,0.005
49,0.008540729060769081,0.007254608441144228,0.09228354990039615,0.08517399004412364,0.06083875041831037,0.6529993371525502,0.6654271137564298,0.005
50,0.008516252972185612,0.007173492107540369,0.09186161586948074,0.0846964693665881,0.06037375571676021,0.6561651599087945,0.66916810594262,0.005
51,0.008438557386398315,0.007028227671980858,0.0912380412166959,0.08383452497768451,0.059389364595361066,0.6608173527029715,0.6758675040722063,0.005
52,0.008324379101395607,0.006860258057713509,0.09057991816776406,0.08282667082966405,0.05833277838111164,0.6656929249917036,0.6836140649613089,0.005
53,0.008204721845686436,0.006707134190946817,0.09002688421527733,0.08189709259686749,0.057286281108587245,0.6697626739263933,0.6906759226165566,0.005
54,0.008104839362204075,0.006587782874703407,0.08962025739520933,0.0811651582827021,0.05633969056450273,0.6727391202255378,0.6961802251826514,0.005
55,0.008031790144741535,0.0065008290112018585,0.08932836642347065,0.08062771769352221,0.05564424367312424,0.6748674099340302,0.7001904305620332,0.005
56,0.007979556918144226,0.00643902225419879,0.08908104450339711,0.08024351831404708,0.05520751692854517,0.6766652956768853,0.7030408699816022,0.005
57,0.00793543178588152,0.0063970391638576984,0.08882677435938699,0.07998149449486824,0.05499369793419598,0.6785084942437493,0.7049770594126683,0.005
58,0.007890195585787296,0.006370091810822487,0.08853730902257935,0.07981285432750834,0.05484212591478087,0.6806004089035819,0.7062198535574796,0.005
59,0.007838855497539043,0.006350095383822918,0.08820034150505626,0.07968748419216845,0.05476283152110696,0.6830270124924861,0.7071420691513659,0.005
60,0.007779300212860107,0.0063225096091628075,0.08779115125470056,0.07951421288326173,0.05465216987359026,0.6859612730247837,0.7084142566006482,0.005
61,0.00770728662610054,0.006265829782932997,0.08730206853489333,0.07915699675072375,0.05429685974734738,0.6894505333110956,0.7110282588350834,0.005
62,0.007621650118380785,0.006171217188239098,0.08679037445346012,0.07855709360956417,0.053654936606647295,0.693080244189956,0.7153916926112713,0.005
63,0.007532569579780102,0.006058147642761469,0.08634842368033518,0.07783409979652806,0.052933609057408605,0.6961980568501227,0.7206063242133964,0.005
64,0.00745604932308197,0.005953693296760321,0.08600766490496273,0.07716017830100888,0.05234006669448743,0.6985911268274886,0.7254236024636929,0.005
65,0.007397318258881569,0.005875874776393175,0.08572815788758582,0.07665425182232968,0.052003550522207356,0.7005469758655534,0.7290125015602525,0.005
66,0.007349316496402025,0.005817622411996126,0.08542806143996165,0.07627333618389669,0.05180195946617949,0.7026398121634543,0.7316990297341976,0.005
67,0.007297954522073269,0.00576946372166276,0.085078558296483,0.07595698597763807,0.051627121033016726,0.7050679539931979,0.7339200168854388,0.005
68,0.007238361053168774,0.005720337387174368,0.08469386703853901,0.07563291183544404,0.051439010490982824,0.7077290539617898,0.7361856594649225,0.005
69,0.007173051126301289,0.005655880551785231,0.08428452986142071,0.07520558688248567,0.051198517784058276,0.7105473985766224,0.7391583329704683,0.005
70,0.007103882264345884,0.005568713415414095,0.08384960241168608,0.07462381455995373,0.050790945799977144,0.7135269742850519,0.7431783404240926,0.005
71,0.0070307557471096516,0.0054509141482412815,0.08337811368682302,0.07383030395342294,0.05007771557513724,0.7167396085695539,0.7486111157425324,0.005
72,0.006951909512281418,0.005316308233886957,0.08289710366335203,0.07291281096214605,0.0492113683125338,0.7199984510615157,0.7548203385870644,0.005
73,0.006871932186186314,0.005180311854928732,0.08244009765609003,0.07197351686349111,0.04834735105248595,0.7230771995426886,0.761096668394402,0.005
74,0.00679640332236886,0.005060340743511915,0.08200193540437112,0.07113426791802019,0.047624962411800906,0.7260130201664994,0.7666356614551502,0.005
75,0.006724390666931868,0.004958842881023884,0.08154988836424877,0.07041630333798984,0.04707864267887142,0.7290254763656485,0.7713226231417045,0.005
76,0.006650492548942566,0.004873405676335096,0.081060324808775,0.06980630636016077,0.04667932290062939,0.7322691609670998,0.7752674004068738,0.005
77,0.0065709063783288,0.004794253967702389,0.08057689564821567,0.06923667517764374,0.04634964889525818,0.7354530354403117,0.7789201473403167,0.005
78,0.006492773070931435,0.0046934462152421474,0.08006450724726322,0.06850471539743787,0.04584053962175108,0.7388068457694446,0.7835698848753594,0.005
79,0.006410453002899885,0.0045725274831056595,0.07951255828456141,0.06761651929184223,0.04517714647687734,0.74239566113609,0.7891457402681749,0.005
80,0.006322357337921858,0.004449992440640926,0.07896829007083171,0.06670458246225411,0.04456439600633032,0.7459102253169938,0.7947949247650256,0.005
81,0.006236077751964331,0.004343721549957991,0.07847048836342552,0.06590366093301164,0.04411341208977734,0.7491035995231061,0.7996931330411747,0.005
82,0.006157679483294487,0.0042526316829025745,0.07796337817337645,0.065209438029196,0.0436975756541849,0.752335923152316,0.8038909333764992,0.005
83,0.006078328005969524,0.004173802211880684,0.07744542037930432,0.06460261641599296,0.04330385032058551,0.7556157558813618,0.8075238281739758,0.005
84,0.005997815635055304,0.004092286340892315,0.07694221396363113,0.0639687877800376,0.04287197167791188,0.7587812419166209,0.8112821416498582,0.005
85,0.005920118186622858,0.003986596595495939,0.07642295874427865,0.06313712518857774,0.04222573203087127,0.7620260524144229,0.8161573106940538,0.005
86,0.005840483121573925,0.003850660752505064,0.07588315565266658,0.062050739360383814,0.041372837374858716,0.7653759723392498,0.8224295566566759,0.005
87,0.005758277140557766,0.003720211563631892,0.07532908713176616,0.060989643369334816,0.040499320400158446,0.768789725783582,0.8284507019179452,0.005
88,0.005674513056874275,0.003603255143389106,0.07474676628824393,0.06002206043973625,0.039583527408369325,0.7723505856014437,0.8338506841544358,0.005
89,0.005587145686149597,0.003501319559291005,0.0741538431974881,0.05916556898875962,0.038643131141695534,0.7759478847838963,0.838558624726138,0.005
90,0.005498888902366161,0.0034061940386891365,0.0735767260746106,0.05835476087480688,0.03778818203688971,0.7794217746920356,0.8429531083013496,0.005
91,0.005413666367530823,0.003298415569588542,0.07294082997707776,0.05742236225009377,0.036888958734745604,0.7832180486473204,0.8479316383851303,0.005
92,0.005320535972714424,0.0031882498878985643,0.07227800108121796,0.05645353999812876,0.03599872090960716,0.7871400351023595,0.8530197038887224,0.005
93,0.005224321503192186,0.0030978918075561523,0.07163684185759418,0.05564652700893817,0.03528910499836215,0.7908997351869994,0.8571918850213234,0.005
94,0.005132080055773258,0.0030278137419372797,0.07096625027208281,0.055012928361578776,0.03451126239011477,0.7947961820862463,0.8604254346248509,0.005
95,0.005036463495343924,0.0029702612664550543,0.07031281129474143,0.05448750637886812,0.033884869025703805,0.7985577123266204,0.8630788231094979,0.005
96,0.004944142419844866,0.0029074945487082005,0.06964925753734554,0.05390880384606062,0.03312865196557353,0.8023418609563353,0.8659718111615499,0.005
97,0.004851257894188166,0.0028609808068722486,0.06899741790437143,0.05347610214401518,0.032575133592391524,0.8060242692735363,0.8681147442092335,0.005
98,0.004760866053402424,0.002828639931976795,0.06836750083953642,0.053173446729598166,0.032237137115324825,0.8095499333223233,0.8696033655068365,0.005
99,0.004674319643527269,0.0027969307266175747,0.06771202271013509,0.05287513184851305,0.03180087079816858,0.813184333168665,0.871062369658396,0.005
100,0.004585107322782278,0.0027693368028849363,0.06705065712610751,0.05261394093155404,0.03148269101022953,0.8168158908768963,0.8723330675307814,0.005
101,0.004495976027101278,0.0027361528482288122,0.06633372230260329,0.05229754702322275,0.03127562293658359,0.8207123162980233,0.873863900889893,0.005
102,0.004400360863655806,0.0027006121817976236,0.06554699337528294,0.05195622786969141,0.031033406112237275,0.8249398602757392,0.8755049788268268,0.005
103,0.004296632017940283,0.0026588670443743467,0.06478575953777443,0.05155216065102103,0.030774985389166083,0.8289823914080952,0.8774338619943256,0.005
104,0.0041974615305662155,0.002615033183246851,0.06402373419878134,0.05112423543325537,0.03058172501316756,0.8329818297508881,0.8794602156986417,0.005
105,0.004099361598491669,0.002555150305852294,0.06330085544089771,0.05053433263368198,0.030523924682573273,0.8367320732586758,0.8822258910746009,0.005
106,0.004007378127425909,0.002489548409357667,0.06250227855569604,0.04988075092903744,0.030087178890672864,0.8408255272691951,0.8852526344350523,0.005
107,0.003906948491930962,0.002402136567980051,0.06168172412670513,0.04899684113169075,0.029691759480444817,0.8449775026297428,0.889283354033152,0.005
108,0.0038050604052841663,0.002329967450350523,0.0608468976029402,0.04825544917196793,0.029641382489189308,0.8491453855138249,0.8926086052981433,0.005
109,0.0037027953658252954,0.00224970537237823,0.06007631337908729,0.047418032092366634,0.029008436120720734,0.8529421311643698,0.8963035687661656,0.005
110,0.0036097485572099686,0.002193053485825658,0.059365925740170564,0.04681626753225086,0.028667411562901778,0.8563994151296768,0.8989188137147356,0.005
111,0.0035250892397016287,0.002168030245229602,0.05870112316226184,0.046547672837977075,0.02870209685571794,0.859597596747463,0.9000753342798683,0.005
112,0.003447059541940689,0.0021528322249650955,0.05811874551956622,0.0463833933427267,0.028879776418491057,0.8623696599485606,0.9007794127061006,0.005
113,0.003379539120942354,0.0021270709112286568,0.05753102165562597,0.046102621213858434,0.028825284723712728,0.8651391499892029,0.9019769990018911,0.005
114,0.0033121565356850624,0.0021072702948004007,0.05695253353457193,0.04588584721633146,0.028916506492307377,0.8678376304188107,0.9028966378997121,0.005
115,0.003246318781748414,0.00208436232060194,0.056394932773360155,0.045634573112727735,0.028940931532353463,0.8704128655858524,0.903957215611441,0.005
116,0.0031833439134061337,0.002049475209787488,0.055847085211884855,0.04524983547529839,0.028638812306430183,0.8729183800768018,0.9055698310636389,0.005
117,0.0031219853553920984,0.002022003522142768,0.055276385828341844,0.04494801074455079,0.028605083600495698,0.8755023944302666,0.9068253629503669,0.005
118,0.003058346454054117,0.001983014168217778,0.05467147371350925,0.04451503979820666,0.028354993761748715,0.878212341329867,0.9086117650287894,0.005
119,0.0029916102066636086,0.0019288957118988037,0.054080385324683664,0.04390443982616499,0.02765816325285108,0.8808315544509417,0.9111016626619644,0.005
120,0.002927204594016075,0.0018874277593567967,0.05355533195909288,0.043431911559857955,0.027252287465615574,0.8831342767983306,0.9130049291251434,0.005
121,0.002870433032512665,0.0018597672460600734,0.05310160028245803,0.04311479948326322,0.02702064503418627,0.8851061087865564,0.9142706563096075,0.005
122,0.0028217448852956295,0.0018203805666416883,0.0527002863336198,0.04265651632142178,0.026407056965944576,0.8868361617027506,0.9160834681578854,0.005
123,0.002779201837256551,0.0018096683779731393,0.05232278625714885,0.04253433967055646,0.02646566000095614,0.8884515743686316,0.9165634866359936,0.005
124,0.0027392690535634756,0.001798362354747951,0.05197188458645026,0.0424040507438526,0.026493387726996435,0.8899427516331884,0.9170738603409891,0.005
125,0.002702456433326006,0.0017792168073356152,0.05165585431104445,0.042179178173367124,0.02639414084765482,0.8912771528568991,0.9179510580768084,0.005
126,0.002669622888788581,0.0017795442836359143,0.051345716806755155,0.04218430177535235,0.02667205332296083,0.8925787598004128,0.917931123517978,0.005
127,0.002637538593262434,0.001756713492795825,0.051022376556096,0.04191287427485977,0.02661461704401798,0.8939274310668195,0.9189838414424919,0.005
128,0.002604498527944088,0.0017239598091691732,0.05069234954413076,0.04151990525378887,0.02642983377093308,0.8952952072622706,0.9204959110521955,0.005
129,0.00257109384983778,0.0017014330951496959,0.050357206172119674,0.04124749871331757,0.0264371870288053,0.8966751045566743,0.9215357201716785,0.005
130,0.002537327352911234,0.0016586902784183621,0.0500323264216478,0.0407245445037316,0.026075016514137322,0.8980040060665889,0.9235127179500447,0.005
131,0.0025050039403140545,0.0016324201133102179,0.0497368240981747,0.040399187836817195,0.02593956688853202,0.899205271261699,0.9247299808662304,0.005
132,0.0024757941719144583,0.0016232817433774471,0.049458252893209924,0.040285371967900274,0.026093226770428444,0.9003311926296891,0.9251534970493275,0.005
133,0.002448328770697117,0.0015970231033861637,0.049192043751647666,0.039956625724428,0.025931797142264828,0.9014012401877791,0.9263700731731354,0.005
134,0.002422397257760167,0.0015811522025614977,0.04893986583107014,0.03975692664198764,0.02594726561392091,0.9024095616912415,0.9271042234900735,0.005
135,0.002397878561168909,0.0015765700954943895,0.048693930211781665,0.03970008693593768,0.026183510882949828,0.9033879321429872,0.9273125098445673,0.005
136,0.0023739084135740995,0.0015527314972132444,0.04845255713486933,0.03939781481495228,0.025957093006864038,0.9043433594469418,0.9284151652583046,0.005
137,0.0023506865836679935,0.0015470747603103518,0.04821758739975177,0.0393273492767731,0.026124534659806943,0.9052688798879084,0.9286710044683321,0.005
138,0.002327872905880213,0.0015295277116820216,0.04799038010484111,0.039104306081284325,0.02603612060311132,0.9061595462091806,0.9294777881722407,0.005
139,0.0023059742525219917,0.0014936028746888041,0.04777157718365114,0.0386416101626532,0.025582326128151433,0.9070132905732043,0.931136802025312,0.005
140,0.002285149646922946,0.0014802251243963838,0.04756664189454175,0.03846993656459015,0.02559126210879319,0.9078093866864055,0.9317473217245524,0.005
141,0.0022653802298009396,0.0014517232775688171,0.0473839808043942,0.0380982066935242,0.025248962639771607,0.908516071213088,0.93305998197573,0.005
142,0.002248036442324519,0.001431889133527875,0.0472130876078075,0.03783794106303365,0.025073235253335418,0.9091747659158992,0.9339714514746851,0.005
143,0.002231774153187871,0.0014305158983916044,0.04704116739593213,0.03782122447736441,0.02521807828367494,0.9098350177594832,0.9340297806562942,0.005
144,0.0022152666933834553,0.001419466338120401,0.04687223091759285,0.03767534364041624,0.025164919985341684,0.91048146444403,0.9345377087261626,0.005
145,0.0021992442198097706,0.0013984345132485032,0.04670895113713523,0.03739526539457639,0.024942280883237442,0.9111040551799425,0.9355073834488479,0.005
146,0.002183959586545825,0.0013986143749207258,0.046553006507299426,0.03739805215835995,0.025064794751915143,0.9116966483899807,0.9354977708744773,0.005
147,0.002169190440326929,0.001387137919664383,0.0464003730115882,0.03724429985176203,0.024971767996048413,0.912274740117523,0.9360270487169725,0.005
148,0.00215494679287076,0.0013775437837466598,0.046254401636940286,0.037115273037182414,0.024918478520438655,0.9128258233812251,0.9364695286908031,0.005
149,0.0021413806825876236,0.0013752193190157413,0.0461118642165014,0.03708394635760594,0.024968289045583604,0.9133622668982614,0.936576727622895,0.005
150,0.0021281773224473,0.0013631866313517094,0.045973529253213206,0.03692135546815654,0.024872107286219972,0.9138813111994053,0.937131654549801,0.005
151,0.0021155618596822023,0.0013562488602474332,0.04584583700522119,0.036827282867850766,0.02484513832851108,0.9143590390311164,0.9374516132416437,0.005
152,0.0021039340645074844,0.0013531226431950927,0.045722748687167865,0.0367848139568799,0.024859682290646667,0.9148182846939423,0.9375957906022774,0.005
153,0.0020927325822412968,0.001344603020697832,0.04559982299144702,0.03666882812991633,0.0248254424365915,0.91527569140007,0.9379887023512902,0.005
154,0.0020816768519580364,0.0013358538271859288,0.04548327022972842,0.036549332662307435,0.02476720235671997,0.9157082471200604,0.9383922055725443,0.005
155,0.00207130191847682,0.0013355014380067587,0.04537616886011095,0.03654451245828782,0.024797365308649077,0.9161047504105968,0.9384084544359139,0.005
156,0.0020617207046598196,0.0013268322218209505,0.045270621890398974,0.036425633102073585,0.024735773127697182,0.9164945845970434,0.9388085174612029,0.005
157,0.002052468014881015,0.0013248597970232368,0.045169879852150166,0.03639843074352641,0.024755993038613845,0.9168658251545673,0.938899877910938,0.005
158,0.0020435580518096685,0.0013285588938742876,0.045075645469397435,0.03644918662664897,0.024837579147404733,0.9172123359642325,0.9387293566646271,0.005
159,0.0020351519342511892,0.001316973241046071,0.0449764357155963,0.03628939757067834,0.02472433537313063,0.9175763598203617,0.9392653860915295,0.005
160,0.002026684582233429,0.001316015375778079,0.044878177237775464,0.036275986843036255,0.02470264378494153,0.9179361026360373,0.9393102666859688,0.005
161,0.002018080558627844,0.0013187547447159886,0.044790807374218033,0.03631362741496048,0.024735734534761716,0.9182553193548328,0.9391842559755953,0.005
162,0.0020103887654840946,0.0013090746942907572,0.04469832753078746,0.03617925655001245,0.02468411722241683,0.9185925283222586,0.9396334947646643,0.005
163,0.0020026282873004675,0.0013227066956460476,0.04460950927286622,0.036367596432340304,0.024831928663388257,0.9189157299508923,0.9390033539206813,0.005
164,0.0019945388194173574,0.0013228245079517365,0.044517895994341146,0.036368800701455754,0.024858696892360987,0.9192484288841253,0.9389993141929878,0.005
165,0.0019866398070007563,0.0013215626822784543,0.04443171689545635,0.03635091313167641,0.024872224223975312,0.9195607689738999,0.9390593043860785,0.005
166,0.0019792739767581224,0.0013299299171194434,0.044349177087344496,0.03646599169787218,0.024959828702649452,0.9198593517066214,0.9386728453959424,0.005
167,0.0019719076808542013,0.0013295687967911363,0.04426291363872873,0.03646082104497078,0.02497960496374171,0.9201708111617517,0.9386902357881194,0.005
168,0.0019643933046609163,0.0013250835472717881,0.04417773527030873,0.03639889879641848,0.024968116519538276,0.9204777578536562,0.9388983065095265,0.005
169,0.001957064028829336,0.0013288846239447594,0.04410204041589329,0.036451392662851655,0.025013855121941875,0.9207500338141602,0.9387219397996589,0.005
170,0.0019502260256558657,0.0013197570806369185,0.0440161510949669,0.03632538248782771,0.02492972855544056,0.9210584139988274,0.9391448763122371,0.005
171,0.0019430096726864576,0.0013255523517727852,0.0439413591286518,0.03640541768349993,0.02500229868182175,0.9213264601640478,0.9388764184457783,0.005
172,0.0019361970480531454,0.0013254155637696385,0.04386115408079471,0.03640329225673839,0.025033300386881653,0.9216133996851495,0.9388835552903438,0.005
173,0.001929276855662465,0.001333076972514391,0.0437865765503975,0.036508673694677495,0.02515174768036218,0.9218797360043233,0.9385291993754621,0.005
174,0.0019225081196054816,0.0013382266042754054,0.0437155021534846,0.03657927202619063,0.02524527045773293,0.9221331398918986,0.9382912322578062,0.005
175,0.0019161502132192254,0.001327413017861545,0.04364133703922086,0.03643024643567885,0.025153842866667053,0.9223971243152188,0.9387930165858437,0.005
176,0.0019101640209555626,0.0013404169585555792,0.04358517220427807,0.03660914882788255,0.025264707789680423,0.9225967400167053,0.9381903875205332,0.005
177,0.0019047006499022245,0.0013173664920032024,0.043501279500313794,0.036291052120657245,0.025056676104039253,0.9228944247126519,0.939259847793752,0.005
178,0.0018983501940965652,0.0013338818680495024,0.04343334500244667,0.03651910046370047,0.025214196186400487,0.9231350630798296,0.9384940826045448,0.005
179,0.0018916887929663062,0.0013205489376559854,0.0433476452376973,0.03633470833241672,0.02509690803357131,0.9234380933067146,0.9391136255317794,0.005
180,0.001884897006675601,0.001328973681665957,0.04328705042578522,0.03645065895473225,0.02517902622990505,0.9236519924354707,0.9387244066331343,0.005
181,0.0018794711213558912,0.0013341106241568923,0.04322101820589793,0.03652085643275152,0.025248260926678884,0.9238847448707169,0.9384881676130689,0.005
182,0.0018737950595095754,0.0013315774267539382,0.043143476894223765,0.03648529703117551,0.025253209679187802,0.924157611295969,0.9386078942182497,0.005
183,0.001867454033344984,0.001347099314443767,0.043088567143497486,0.03669822421415596,0.025420109050558623,0.9243505413440862,0.9378892380326855,0.005
184,0.0018622679635882378,0.0013315973337739706,0.04302568613313569,0.036484832091746626,0.02528097608874753,0.924571177291078,0.9386094588720174,0.005
185,0.001857519499026239,0.001341996481642127,0.04295722573042118,0.03662802203951797,0.025344229336086793,0.924811023753871,0.9381266413460911,0.005
186,0.0018511461094021797,0.0013291656505316496,0.0428771048778574,0.03645157836025903,0.025207923162655174,0.9250912367709978,0.9387213154500765,0.005
187,0.0018446026369929314,0.0013271562056615949,0.042818374524496126,0.036424117212112014,0.025178144424839153,0.9252963068252428,0.9388136104474366,0.005
188,0.0018394599901512265,0.001333683030679822,0.042765206453705365,0.036514400018375054,0.025221119476499486,0.9254817125228815,0.9385099146810519,0.005
189,0.0018345110584050417,0.001325559220276773,0.04272239845591429,0.03640245729409931,0.02515910253499806,0.9256308235579871,0.9388863588479113,0.0025
190,0.001831064815632999,0.0013225158909335732,0.042688706419009265,0.03636043581885084,0.025140402711456625,0.925748076386319,0.9390273714775301,0.0025
191,0.001828255713917315,0.001327544217929244,0.04266048001438104,0.036430018253708056,0.02516736228080859,0.9258462368651749,0.9387937833270946,0.0025
192,0.001825618208386004,0.0013339414726942778,0.04263725137235522,0.03651825349610198,0.02520767549194775,0.9259269683651344,0.9384969355179189,0.0025
193,0.0018233878072351217,0.0013271039351820946,0.04259916471872109,0.036424035107743113,0.025162644294447863,0.9260592439580625,0.9388138862901816,0.0025
194,0.0018203483195975423,0.0013258334947749972,0.04256728631871902,0.03640658567131142,0.025158860471530608,0.9261698673028774,0.9388724963513202,0.0025
195,0.0018176276935264468,0.0013320213183760643,0.04253405787259565,0.03649213198853129,0.02520406523446282,0.9262850873828453,0.9385848903365164,0.0025
196,0.0018144919304177165,0.001333005609922111,0.04251207422639354,0.036505909763413585,0.025210109745777594,0.9263612665135391,0.9385385064589133,0.0025
197,0.0018124745693057775,0.0013299341080710292,0.042485154162375936,0.036463798185716545,0.025198960889937033,0.9264544979922484,0.9386802231090902,0.0025
198,0.00181018456351012,0.0013312221271917224,0.04245142472638837,0.036481698831172714,0.02521533823091246,0.9265712288194705,0.9386200026674322,0.0025
199,0.0018071986269205809,0.0013352246023714542,0.04242242866935467,0.03653686452832325,0.025240336376050217,0.9266715042615477,0.9384342311397436,0.0025
200,0.001804565079510212,0.0013354370603337884,0.042396474436867816,0.03653978338403128,0.02523555835623432,0.9267612022207391,0.9384243940190068,0.0025
201,0.0018023618031293154,0.001332462765276432,0.04236666272814657,0.03649880933462243,0.02521013032867651,0.9268641638985534,0.9385624127535791,0.0025
202,0.0017999641131609678,0.0013318478595465422,0.04233629601285567,0.03649029110945039,0.025200790409483323,0.9269689679612512,0.9385910864633425,0.0025
203,0.0017974433721974492,0.0013348726788535714,0.04230493561963954,0.036531914658577434,0.0252206336104688,0.9270771226105745,0.9384509113829959,0.0025
204,0.0017946973675861955,0.0013380171731114388,0.042273464311078444,0.036575160108730784,0.025248813314325342,0.927185579210571,0.9383051049831926,0.0025
205,0.0017919251695275307,0.0013347141211852431,0.04225345935620015,0.036529818749246074,0.025234301941779703,0.9272544784391095,0.9384579735701186,0.0025
206,0.0017903102561831474,0.0013347839703783393,0.04222703436126716,0.03653087179474679,0.025233066110224002,0.9273454389887046,0.9384544253735853,0.0025
207,0.0017880277009680867,0.0013367963256314397,0.04219292149177713,0.03655863104098526,0.025232522164239126,0.9274627787210348,0.938360854769178,0.0025
208,0.0017850325675681233,0.0013358228607103229,0.0421602497987307,0.03654532001645669,0.025208517143974027,0.9275750722614693,0.938405732314207,0.0025
209,0.0017822732916101813,0.0013302535517141223,0.0421325920105185,0.03646871603927085,0.025158639634177665,0.9276700648805969,0.9386636816606688,0.0025
210,0.001780104823410511,0.001326502999290824,0.04210497967804049,0.03641703285523683,0.025122071970202765,0.9277648391952987,0.9388374091884288,0.0025
211,0.0017778892070055008,0.0013283060397952795,0.04207587498043772,0.03644195382967951,0.025128808795898763,0.9278646685219414,0.9387536707410379,0.0025
212,0.0017753592692315578,0.0013321158476173878,0.042046490521419386,0.0364944818021737,0.025159412489554864,0.9279653874038024,0.9385769807570519,0.0025
213,0.0017727455124258995,0.0013327380875125527,0.04201393175896055,0.03650307347527913,0.025175330221145955,0.9280769044291519,0.9385480564596712,0.0025
214,0.0017699776217341423,0.0013276056852191687,0.04199190379678892,0.03643237932087655,0.025150098588748625,0.9281523034138133,0.9387858493935636,0.0025
215,0.0017682925099506974,0.0013288372429087758,0.04197824741331187,0.036449389620998855,0.02515577303669332,0.9281990276659097,0.9387286742006165,0.00125
216,0.0017670912202447653,0.0013325795298442245,0.04196198811811843,0.03650096686950031,0.02517277272059763,0.928254637758625,0.9385551490834757,0.00125
217,0.0017655884148553014,0.0013336424017325044,0.04194362110550214,0.03651562282317841,0.025174868531398633,0.9283174307595984,0.9385057962165203,0.00125
218,0.001764010637998581,0.0013304147869348526,0.041928762626437986,0.03647123302260297,0.025142980260848997,0.9283682086977977,0.9386552147972728,0.00125
219,0.0017628312343731523,0.0013253155630081892,0.04191467159656318,0.03640096479655273,0.025102206042266404,0.9284163473042755,0.9388913700530014,0.00125
220,0.0017617933917790651,0.0013235908700153232,0.04190074825892219,0.0363771996939918,0.02508491512074642,0.9284638971376636,0.9389711360042561,0.00125
221,0.0017606548499315977,0.0013255481608211994,0.04188544915087647,0.03640429945657881,0.02509298661879395,0.9285161271720959,0.9388801733256308,0.00125
222,0.0017592690419405699,0.0013292127987369895,0.04187131142483937,0.03645489532596125,0.02512070334647199,0.9285643753762736,0.9387101626521998,0.00125
223,0.0017579486593604088,0.0013315107207745314,0.041862576694479174,0.03648658772132351,0.025141565829764165,0.9285941764890169,0.9386035505733246,0.00125
224,0.0017571503994986415,0.0013290614588186145,0.04184740017832808,0.036452911100928,0.02512690180071824,0.9286459408706197,0.938716834432151,0.00125
225,0.0017559094121679664,0.0013266829773783684,0.04183015230767199,0.03642015731869814,0.025113483112414788,0.9287047474847904,0.9388269136338436,0.00125
226,0.001754500437527895,0.0013264268636703491,0.04181615098697474,0.03641665366258788,0.02511372517588224,0.9287524671595713,0.93883868289374,0.00125
227,0.001753321965225041,0.0013280261773616076,0.04180352814377919,0.036438732397762824,0.02512045034833949,0.9287954749770374,0.9387644984897463,0.00125
228,0.0017522218404337764,0.0013301785802468657,0.041790606687533996,0.03646840236039851,0.02513242187692107,0.9288394867626127,0.9386647368019799,0.00125
229,0.0017510895850136876,0.0013310752110555768,0.04177695437180282,0.03648075732515851,0.025135672536194066,0.9288859731471705,0.9386231707704967,0.00125
230,0.0017499246168881655,0.0013279325794428587,0.04175999922085737,0.03643749040317878,0.0251055594785951,0.9289436846008416,0.9387686727768353,0.00125
231,0.0017485625576227903,0.0013255925150588155,0.04174386881063401,0.03640524328572829,0.02508664837235924,0.9289985670805232,0.9388770040614127,0.00125
232,0.00174725241959095,0.0013256021775305271,0.041729493039206346,0.036405416830699325,0.025085526604368358,0.9290474616676876,0.9388764213094305,0.00125
233,0.0017460343660786748,0.001328032580204308,0.041716228184004375,0.03643898829970425,0.025104304198247235,0.9290925628893697,0.9387636383973273,0.00125
234,0.0017448534490540624,0.0013307922054082155,0.04170125261770392,0.03647705299340477,0.025130321840096892,0.9291434633888492,0.9386356347987033,0.00125
235,0.0017435243353247643,0.0013294529635459185,0.041688359773978306,0.03645866973055376,0.025119290478304305,0.9291872702759549,0.9386974705505134,0.00125
236,0.0017424518009647727,0.0013248964678496122,0.04167493019470814,0.03639589915295888,0.025077985115967892,0.9292328864621567,0.938908376909956,0.00125
237,0.0017414052272215486,0.0013225185684859753,0.04166136532437544,0.036363105609309644,0.025054336222735066,0.9292789472707448,0.9390184172329243,0.00125
238,0.0017403076635673642,0.0013231356861069798,0.04164578404736463,0.036371667364997494,0.02504833779526031,0.929331836476157,0.9389896974153984,0.00125
239,0.0017389804124832153,0.0013254083460196853,0.04163062838150913,0.0364030601999488,0.025061743909015242,0.929383262002894,0.9388843344748553,0.00125
240,0.0017376593314111233,0.0013267120812088251,0.041615347635766936,0.03642104773677397,0.02506793507348479,0.9294350929946432,0.9388239224173462,0.00125
241,0.0017363533843308687,0.001326200203038752,0.04160655517649635,0.03641399478734994,0.02506308265506552,0.9294649076453946,0.9388476136635142,0.000625
242,0.001735628000460565,0.0013251003110781312,0.0415991521603859,0.03639882872122759,0.0250549378304406,0.9294900059006098,0.9388985417753645,0.000625
243,0.0017350299749523401,0.0013240486150607467,0.041590914344111024,0.03638431817332732,0.025047995818971044,0.9295179291074308,0.9389472487772621,0.000625
244,0.0017343625659123063,0.0013234431389719248,0.04158376300904376,0.03637595886978269,0.02504472142280194,0.9295421650531689,0.9389752993153977,0.000625
245,0.0017337769968435168,0.001323641394264996,0.04157635064852511,0.0363786979623839,0.025048122318037293,0.9295672812182072,0.9389661087068433,0.000625
246,0.0017331534763798118,0.0013248297618702054,0.04156955525278222,0.03639510299861963,0.025059961129801907,0.9295903029157021,0.9389110496192429,0.000625
247,0.0017325598746538162,0.0013263975270092487,0.0415626561509031,0.03641672955342617,0.025074045407195055,0.9296136721031067,0.9388384279780354,0.000625
248,0.0017319507896900177,0.0013266656314954162,0.041555349768273665,0.036420431234493233,0.025074723570833273,0.9296384166352849,0.9388259934655173,0.000625
249,0.0017313342541456223,0.0013256046222522855,0.0415472237130997,0.0364058033728287,0.02506228335249098,0.9296659320434497,0.9388751233177716,0.000625
250,0.0017306758090853691,0.0013238528044894338,0.04153951124169916,0.03638163827802152,0.025042738603539772,0.929692042049909,0.9389562421548528,0.000625
251,0.0017300647450610995,0.0013228735188022256,0.04153199634612812,0.036368133223033956,0.025030125145798277,0.9297174785152691,0.9390015532697276,0.000625
252,0.0017294544959440827,0.0013229652540758252,0.04152507366575447,0.03636941327215837,0.02502775189467231,0.92974090637454,0.9389972592697052,0.000625
253,0.0017288700910285115,0.0013236189261078835,0.04151801388236822,0.03637845526538443,0.0250308318253277,0.9297647941981525,0.938966923067648,0.000625
254,0.001728262403048575,0.0013243744615465403,0.04151092303315988,0.036388893240339816,0.025035452257323777,0.929788783049156,0.9389318939209154,0.000625
255,0.0017276507569476962,0.0013236504746600986,0.041502760063905506,0.03637891994461261,0.02502731365044957,0.9298163938855946,0.9389653638489286,0.000625
256,0.0017269786912947893,0.001322897500358522,0.04149606214713698,0.03636854024397824,0.025019744718183887,0.9298390451993545,0.9390001879104353,0.000625
257,0.0017264294438064098,0.0013225486036390066,0.04148843225955474,0.036363737794681175,0.0250165415045402,0.9298648438392924,0.9390162968419935,0.000625
258,0.0017257947474718094,0.0013226821320131421,0.04148046195100983,0.036365595047975624,0.025018021543615324,0.9298917884650398,0.9390100672801904,0.000625
259,0.0017251226818189025,0.0013230186887085438,0.04147347034558793,0.03637025157154468,0.025021120127522858,0.9299154202000501,0.9389944470632451,0.000625
260,0.0017245291965082288,0.0013234226498752832,0.0414660789052568,0.03637583488061985,0.025024381659380136,0.9299403990515362,0.9389757153258007,0.000625
261,0.0017239024164155126,0.0013237412786111236,0.0414585193089253,0.03638023366576402,0.025026368123530655,0.9299659415691369,0.9389609555850008,0.000625
262,0.001723265158943832,0.001322740106843412,0.04145020310975956,0.03636641665049076,0.025015409230694667,0.9299940351322563,0.9390073113759841,0.000625
